"logFC","AveExpr","t","P.Value","B","gene","count","sca.t","sca.P.Value","qvalue","sca.qvalue"
0.704078081262885,18.5950616874813,6.41687554833538,3.28813226133412e-06,3.72625593185782,"EIF3D",18,6.5123419522846,2.33382915384457e-06,0.0134745068053435,0.00824054879306733
-1.04936729128773,14.981840891913,-6.26998906718994,4.48779328811948e-06,3.49776859168833,"TNXB",10,-6.43688760435378,2.74327670380934e-06,0.0134745068053435,0.00824054879306733
